{"stats":{"minecraft:used":{"minecraft:iron_shovel":192,"minecraft:chest":10,"minecraft:shield":6,"minecraft:iron_sword":190,"minecraft:iron_chestplate":1,"minecraft:soul_sand":1,"simplyswords:diamond_rapier":399,"minecraft:carrot":13,"minecraft:tuff":6,"minecraft:obsidian":17,"minecraft:glass":27,"minecraft:bricks":4,"minecraft:lantern":1,"minecraft:mossy_cobblestone_slab":1,"minecraft:iron_helmet":2,"minecraft:stone_bricks":1,"minecraft:red_carpet":7,"minecraft:bow":39,"minecraft:sweet_berries":2,"minecraft:oak_sapling":3,"minecraft:furnace":12,"minecraft:cooked_cod":4,"gnumus:grilled_juicy_meat":22,"minecraft:end_rod":2,"minecraft:mossy_stone_bricks":1,"minecraft:diamond_boots":1,"minecraft:end_stone_bricks":3,"minecraft:chorus_fruit":1,"minecraft:oak_planks":88,"minecraft:stone_pickaxe":7,"minecraft:ender_pearl":21,"minecraft:wooden_pickaxe":11,"minecraft:sandstone":3,"minecraft:white_wool":25,"minecraft:sand":29,"simplyswords:iron_chakram":919,"minecraft:end_stone":31,"minecraft:shears":2,"relics:horse_flute":33,"minecraft:bread":96,"minecraft:lectern":80,"experienceobelisk:experience_obelisk":11,"minecraft:iron_door":1,"minecraft:fire_charge":1,"minecraft:cooked_rabbit":3,"minecraft:oak_boat":1,"minecraft:purpur_block":2,"minecraft:experience_bottle":29,"minecraft:oak_trapdoor":2,"minecraft:iron_bars":2,"minecraft:enchanting_table":1,"minecraft:flint_and_steel":1,"minecraft:cooked_chicken":11,"minecraft:netherrack":239,"minecraft:torch":49,"minecraft:end_stone_brick_wall":1,"minecraft:dirt":30,"minecraft:anvil":1,"simplyswords:iron_katana":1,"minecraft:shulker_box":6,"minecraft:salmon_bucket":1,"minecraft:granite":2,"minecraft:spruce_fence":1,"minecraft:stone_brick_slab":2,"minecraft:iron_hoe":90,"minecraft:iron_axe":298,"minecraft:polished_blackstone_brick_stairs":1,"minecraft:golden_carrot":30,"minecraft:cooked_beef":3,"minecraft:pumpkin":2,"minecraft:cobbled_deepslate":6,"minecraft:golden_axe":28,"minecraft:water_bucket":81,"gnumus:baked_patterned_gnumus_clay":1,"gnumus:overripe_carrot":4,"minecraft:fletching_table":1,"minecraft:cracked_stone_bricks":1,"minecraft:polished_blackstone_bricks":1,"minecraft:terracotta":5,"minecraft:crafting_table":16,"minecraft:white_bed":5,"gnumus:gnumus_cheese":3,"minecraft:ender_eye":10,"minecraft:cracked_polished_blackstone_bricks":1,"minecraft:iron_pickaxe":659,"minecraft:map":2,"minecraft:stone_axe":66,"simplyswords:iron_sai":26,"minecraft:cobblestone":85,"travelersbackpack:standard":62,"minecraft:white_banner":1,"minecraft:cooked_porkchop":2,"minecraft:bucket":82,"minecraft:yellow_bed":7,"minecraft:splash_potion":1},"minecraft:killed":{"minecraft:witch":1,"minecraft:spider":3,"enemyexpansion:equestrian":1,"graveyard:wraith":2,"minecraft:shulker":16,"minecraft:skeleton":21,"minecraft:chicken":4,"gnumus:pitcher_mousse":10,"minecraft:silverfish":3,"enemyexpansion:vampflyer":1,"minecraft:magma_cube":1,"minecraft:piglin":2,"minecraft:pig":3,"gnumus:gnumus_shaman":5,"minecraft:iron_golem":1,"minecraft:ender_dragon":1,"minecraft:creeper":7,"minecraft:sheep":2,"minecraft:pillager":21,"enemyexpansion:meature":2,"minecraft:zombie":42,"enemyexpansion:vampire":1,"enemyexpansion:botfly":13,"minecraft:blaze":19,"minecraft:cow":7,"minecraft:evoker":1,"minecraft:vex":1,"graveyard:revenant":2,"minecraft:vindicator":20,"enemyexpansion:direwolf":10,"minecraft:phantom":3,"minecraft:horse":4,"gnumus:gnumus_worker":5,"gnumus:gnumus_hunter":4,"gnumus:gnumus_hunter_not_dispawn":14,"graveyard:ghoul":3,"minecraft:bat":2,"enemyexpansion:sprinter":3,"minecraft:ravager":1,"minecraft:hoglin":1,"gnumus:gnumus_merchant":2,"enemyexpansion:huntsman":1,"minecraft:wither_skeleton":1,"minecraft:enderman":12,"enemyexpansion:slugger":1},"minecraft:dropped":{"minecraft:iron_sword":2,"minecraft:moss_block":2,"minecraft:porkchop":8,"minecraft:lapis_lazuli":9,"gnumus:overripe_carrot":19,"minecraft:oak_log":1,"minecraft:ender_pearl":10,"minecraft:diamond":12,"minecraft:cooked_porkchop":1,"minecraft:dark_oak_slab":2,"minecraft:cookie":1,"minecraft:glow_berries":12,"gnumus:gnumus_clay_brick":2,"minecraft:lantern":4,"minecraft:leather":2,"extraarmor:feather_helmet":4,"minecraft:saddle":2,"minecraft:purpur_stairs":1,"minecraft:elytra":1,"gnumus:mouse_skin":10,"minecraft:red_carpet":3,"minecraft:cod":5,"minecraft:item_frame":23,"minecraft:flint":1,"minecraft:dirt":41,"minecraft:mutton":20,"minecraft:cracked_deepslate_tiles":2,"gravestone:obituary":11,"minecraft:writable_book":1,"minecraft:amethyst_shard":2,"minecraft:bone_meal":17,"minecraft:bone_block":12,"minecraft:sugar":1,"minecraft:iron_pickaxe":3,"minecraft:white_wool":22,"minecraft:gold_ingot":6,"minecraft:bone":33,"minecraft:gravel":24,"minecraft:stone_axe":1,"minecraft:sugar_cane":17,"minecraft:iron_nugget":10,"minecraft:cooked_chicken":1,"minecraft:cobbled_deepslate":108,"minecraft:rotten_flesh":45,"minecraft:oak_planks":16,"minecraft:end_stone":4,"minecraft:blaze_powder":1,"minecraft:honey_bottle":2,"minecraft:white_bed":1,"minecraft:carrot":2,"minecraft:chainmail_chestplate":1,"gnumus:gnumus_doubloons":42,"minecraft:poppy":2,"minecraft:red_candle":3,"minecraft:gunpowder":21,"minecraft:charcoal":2,"minecraft:chainmail_boots":1,"minecraft:chest":8,"minecraft:spruce_slab":6,"minecraft:arrow":29,"minecraft:end_stone_bricks":7,"minecraft:beef":8,"minecraft:quartz":16,"graveyard:oak_coffin":6,"minecraft:iron_ingot":2,"minecraft:netherrack":3,"minecraft:egg":1,"minecraft:water_bucket":1,"minecraft:enchanted_book":1,"minecraft:bread":47,"minecraft:wheat_seeds":186,"simplyswords:iron_chakram":6,"minecraft:mossy_cobblestone":1,"minecraft:golden_horse_armor":3,"minecraft:dripstone_block":15,"minecraft:diamond_leggings":1,"minecraft:end_stone_brick_slab":1,"minecraft:cobblestone":16,"minecraft:feather":4,"minecraft:golden_axe":2,"minecraft:iron_helmet":6,"minecraft:lead":2,"minecraft:book":2,"minecraft:apple":5,"simplyswords:diamond_warglaive":1,"minecraft:granite":11,"minecraft:copper_ingot":10,"minecraft:spruce_stairs":2,"minecraft:polished_andesite":2,"minecraft:stick":54,"relics:roller_skates":1,"minecraft:diorite":12,"minecraft:golden_carrot":4,"minecraft:torch":22,"minecraft:rose_bush":1,"minecraft:iron_door":1,"minecraft:map":3,"minecraft:iron_leggings":3,"minecraft:golden_hoe":2,"minecraft:white_banner":5,"minecraft:iron_axe":4,"minecraft:raw_iron_block":4,"minecraft:iron_shovel":1,"minecraft:chainmail_leggings":4,"minecraft:paper":46,"minecraft:string":10,"minecraft:tripwire_hook":1,"minecraft:gray_carpet":3,"minecraft:dandelion":1,"minecraft:redstone":31,"minecraft:snow_block":3,"experienceobelisk:cognitive_amalgam":8,"extraarmor:feather_leggings":1,"minecraft:kelp":14,"minecraft:sweet_berries":13,"minecraft:soul_soil":2,"minecraft:stone_sword":4,"minecraft:raw_copper":10,"minecraft:tuff":5,"minecraft:chicken":7,"minecraft:white_carpet":16,"minecraft:light_gray_wool":6,"minecraft:clay_ball":2,"minecraft:iron_boots":5,"minecraft:ender_eye":2,"minecraft:cobbled_deepslate_slab":1,"minecraft:end_stone_brick_wall":2,"enemyexpansion:phantom_eye":1,"minecraft:spruce_fence":22,"minecraft:shears":1,"minecraft:pumpkin_seeds":8,"minecraft:target":5,"minecraft:filled_map":4,"minecraft:potato":20,"minecraft:shield":2,"relics:magic_mirror":1,"gnumus:gnumus_clay":72,"minecraft:diamond_chestplate":1,"gnumus:gnumus_pouch_2":1,"minecraft:iron_chestplate":1,"minecraft:golden_leggings":1,"gnumus:gnumus_chickpeas":59,"minecraft:oak_sapling":5,"minecraft:carved_pumpkin":1,"minecraft:golden_sword":1,"minecraft:barrel":7,"minecraft:stone_bricks":3,"minecraft:stone_pressure_plate":1,"minecraft:spider_eye":5,"minecraft:bamboo":11,"minecraft:stone_pickaxe":1,"minecraft:wooden_pickaxe":1,"extraarmor:bone_chestplate":1,"minecraft:nautilus_shell":1,"simplyswords:iron_warglaive":1,"minecraft:brick":1,"minecraft:terracotta":1},"minecraft:crafted":{"structurecompass:structure_compass":1,"gnumus:grilled_juicy_meat":6,"minecraft:oak_planks":280,"gnumus:gnumus_doubloons":18,"extraarmor:feather_boots":1,"extraarmor:feather_leggings":1,"simplyswords:iron_katana":1,"minecraft:blaze_powder":12,"minecraft:stone":9,"minecraft:shulker_box":2,"minecraft:glass":55,"experienceobelisk:experience_obelisk":2,"minecraft:repeater":2,"minecraft:iron_boots":2,"minecraft:chest":9,"gnumus:pileof_gnumus_doubloons":13,"minecraft:ender_eye":11,"experienceobelisk:astute_assembly":2,"minecraft:emerald":9,"minecraft:crafting_table":1,"minecraft:spruce_planks":28,"minecraft:wooden_pickaxe":1,"travelersbackpack:standard":3,"minecraft:iron_helmet":1,"extraarmor:feather_helmet":1,"minecraft:gold_block":3,"minecraft:iron_chestplate":1,"minecraft:shield":1,"minecraft:stick":144,"minecraft:iron_ingot":105,"minecraft:iron_pickaxe":2,"minecraft:iron_block":11,"minecraft:snow_block":4,"minecraft:gold_ingot":144,"minecraft:sandstone":1,"minecraft:redstone_torch":4,"minecraft:shears":1,"extraarmor:bone_chestplate":1,"simplyswords:iron_sai":2,"minecraft:raw_iron":36,"minecraft:iron_nugget":18,"minecraft:furnace":1,"experienceobelisk:cognitive_amalgam":72,"minecraft:bone_meal":42,"minecraft:oak_trapdoor":2,"minecraft:flint_and_steel":1,"travelersbackpack:white_sleeping_bag":3,"minecraft:leather":38,"minecraft:iron_axe":2,"minecraft:iron_hoe":1,"minecraft:stone_pickaxe":1,"minecraft:dark_oak_planks":36,"minecraft:wheat":513,"minecraft:cooked_beef":10,"minecraft:bone_block":4,"experienceobelisk:cognitive_crystal":3,"simplyswords:iron_chakram":4,"travelersbackpack:backpack_tank":6,"minecraft:iron_sword":1,"simplyswords:diamond_rapier":2,"minecraft:stone_axe":1,"minecraft:enchanted_book":2,"minecraft:bread":171,"minecraft:air":0,"experienceobelisk:cognitive_alloy":14,"minecraft:oak_boat":1,"minecraft:golden_apple":10,"minecraft:iron_shovel":1,"minecraft:iron_leggings":2,"experienceobelisk:cognitive_flux":96,"minecraft:torch":68},"minecraft:picked_up":{"minecraft:wheat":54,"minecraft:chainmail_boots":1,"minecraft:anvil":1,"gnumus:gnumus_claw":61,"minecraft:lead":1,"minecraft:enchanted_book":2,"minecraft:brewing_stand":1,"minecraft:golden_sword":1,"minecraft:polished_blackstone_brick_stairs":1,"minecraft:string":12,"relics:magic_mirror":1,"minecraft:soul_soil":2,"minecraft:raw_copper":10,"minecraft:armor_stand":1,"minecraft:red_candle":3,"minecraft:diamond_leggings":1,"minecraft:cobbled_deepslate":114,"minecraft:spruce_planks":12,"gnumus:packaged_goods":11,"minecraft:rose_bush":1,"minecraft:cobblestone_slab":1,"minecraft:ender_eye":1,"minecraft:iron_pickaxe":4,"minecraft:furnace":16,"minecraft:iron_boots":1,"ender_dragon_loot:dragon_scale":4,"minecraft:stick":171,"minecraft:torch":7,"minecraft:spruce_stairs":2,"minecraft:porkchop":10,"minecraft:golden_axe":1,"minecraft:target":5,"minecraft:diorite":12,"gnumus:grilled_juicy_meat":22,"gnumus:wrapper_with_goods":11,"minecraft:honey_bottle":4,"minecraft:stone_sword":4,"gnumus:vintage_metal":3,"experienceobelisk:cognitive_amalgam":19,"minecraft:rotten_flesh":46,"minecraft:iron_block":16,"minecraft:carved_pumpkin":2,"gnumus:gnumus_chickpeas":59,"minecraft:end_rod":2,"minecraft:blaze_rod":11,"minecraft:iron_bars":2,"minecraft:snowball":16,"minecraft:cod":9,"minecraft:cobblestone":128,"minecraft:nautilus_shell":1,"minecraft:enchanting_table":2,"minecraft:mossy_cobblestone_slab":1,"gnumus:gnumus_doubloons":143,"minecraft:leather_chestplate":1,"minecraft:feather":20,"minecraft:cooked_beef":36,"minecraft:iron_door":2,"gnumus:overripe_carrot":49,"minecraft:golden_leggings":1,"minecraft:potato":1,"minecraft:flint":2,"minecraft:tuff":11,"travelersbackpack:gold_tier_upgrade":1,"minecraft:lapis_lazuli":29,"minecraft:map":3,"minecraft:dirt":71,"minecraft:lantern":5,"gnumus:gnumus_pouch_2":22,"minecraft:name_tag":5,"minecraft:glass":8,"minecraft:bone":30,"minecraft:bow":3,"minecraft:wheat_seeds":192,"minecraft:cobbled_deepslate_slab":1,"minecraft:bamboo":11,"minecraft:mossy_stone_bricks":2,"minecraft:rabbit":6,"minecraft:fletching_table":1,"extraarmor:feather_helmet":3,"minecraft:moss_block":2,"minecraft:oak_planks":3,"minecraft:cooked_porkchop":7,"minecraft:sand":96,"minecraft:shulker_box":6,"minecraft:barrel":7,"minecraft:mossy_cobblestone":2,"graveyard:oak_coffin":6,"minecraft:polished_andesite":2,"minecraft:sugar":1,"gnumus:vintage_parts":11,"minecraft:diamond":42,"gnumus:gnumus_clay":64,"minecraft:writable_book":1,"minecraft:cracked_polished_blackstone_bricks":1,"minecraft:granite":13,"minecraft:bone_meal":6,"minecraft:golden_apple":10,"minecraft:bread":98,"minecraft:golden_horse_armor":3,"minecraft:emerald":72,"minecraft:chorus_fruit":3,"minecraft:oak_sapling":4,"minecraft:netherrack":242,"minecraft:bricks":4,"minecraft:end_stone_bricks":10,"minecraft:charcoal":2,"gnumus:gnumus_totem":3,"minecraft:crafting_table":22,"minecraft:chicken":19,"minecraft:clay_ball":2,"minecraft:leather_leggings":2,"minecraft:brown_mushroom":29,"minecraft:cooked_rabbit":16,"relics:amphibian_boot":1,"minecraft:gold_block":20,"minecraft:dragon_head":1,"gravestone:obituary":5,"minecraft:purpur_block":2,"minecraft:brick":1,"minecraft:elytra":2,"minecraft:end_stone_brick_wall":3,"minecraft:iron_axe":2,"minecraft:netherite_scrap":8,"minecraft:item_frame":23,"minecraft:white_carpet":16,"minecraft:cracked_stone_bricks":2,"minecraft:beef":25,"minecraft:iron_nugget":1,"minecraft:poppy":2,"minecraft:light_gray_wool":6,"minecraft:spruce_slab":6,"minecraft:lectern":80,"minecraft:sugar_cane":86,"minecraft:chest":14,"minecraft:egg":1,"minecraft:diamond_hoe":1,"minecraft:raw_iron":5,"minecraft:sandstone":3,"minecraft:end_stone":35,"minecraft:stone":23,"minecraft:copper_ingot":11,"gnumus:juicy_meat":6,"minecraft:spruce_fence":23,"minecraft:fire_charge":1,"gnumus:gnumus_clay_brick":2,"minecraft:polished_blackstone_bricks":1,"minecraft:cookie":1,"minecraft:carrot":4,"minecraft:redstone":48,"minecraft:stone_pressure_plate":1,"minecraft:arrow":30,"minecraft:cooked_cod":16,"minecraft:golden_hoe":3,"minecraft:shears":1,"minecraft:diamond_boots":1,"minecraft:hay_block":121,"minecraft:saddle":4,"minecraft:gold_ingot":5,"minecraft:totem_of_undying":1,"gnumus:gnumus_pouch_3":5,"gnumus:mouse_skin":67,"minecraft:glow_berries":12,"minecraft:mutton":26,"minecraft:bone_block":8,"minecraft:white_wool":26,"minecraft:cracked_deepslate_tiles":2,"minecraft:tripwire_hook":1,"gnumus:baked_patterned_gnumus_clay":1,"minecraft:golden_carrot":13,"minecraft:leather":46,"gnumus:gnumus_pouch":9,"minecraft:purpur_stairs":1,"minecraft:oak_log":142,"minecraft:yellow_bed":9,"minecraft:gunpowder":57,"minecraft:paper":46,"minecraft:white_banner":6,"minecraft:red_carpet":10,"minecraft:gray_carpet":3,"minecraft:apple":35,"minecraft:stone_bricks":5,"minecraft:kelp":72,"minecraft:heart_of_the_sea":1,"minecraft:iron_ingot":18,"minecraft:cobweb":7,"minecraft:cooked_chicken":21,"minecraft:soul_sand":37,"minecraft:iron_sword":2,"minecraft:book":158,"enemyexpansion:phantom_eye":1,"minecraft:dark_oak_slab":2,"minecraft:emerald_block":1,"minecraft:pumpkin":4,"minecraft:sweet_berries":15,"minecraft:stone_brick_slab":4,"minecraft:quartz":49,"minecraft:dandelion":1,"minecraft:raw_iron_block":8,"minecraft:dripstone_block":15,"minecraft:gravel":24,"minecraft:amethyst_shard":11,"gnumus:gnumus_cheese":18,"minecraft:white_bed":6,"minecraft:spruce_log":7,"minecraft:spider_eye":5,"minecraft:mossy_stone_brick_slab":1,"minecraft:dragon_egg":1,"minecraft:leather_helmet":1,"travelersbackpack:standard":5,"experienceobelisk:experience_obelisk":10,"minecraft:pumpkin_seeds":8,"minecraft:chainmail_leggings":1,"minecraft:iron_helmet":1,"minecraft:terracotta":9,"experienceobelisk:cognitive_flux":13,"simplyswords:iron_chakram":3,"minecraft:shulker_shell":6,"minecraft:end_stone_brick_slab":1,"minecraft:coal":161,"minecraft:ender_pearl":37},"minecraft:custom":{"minecraft:interact_with_crafting_table":127,"minecraft:open_barrel":72,"minecraft:open_shulker_box":6,"minecraft:eat_cake_slice":1,"minecraft:leave_game":13,"minecraft:time_since_death":17420,"minecraft:sprint_one_cm":1094394,"minecraft:damage_blocked_by_shield":330,"minecraft:drop":478,"minecraft:talked_to_villager":225,"minecraft:play_time":628772,"minecraft:deaths":8,"minecraft:jump":8753,"minecraft:interact_with_brewingstand":1,"minecraft:walk_on_water_one_cm":89002,"minecraft:interact_with_furnace":82,"minecraft:traded_with_villager":2,"minecraft:interact_with_loom":2,"minecraft:sleep_in_bed":9,"minecraft:damage_dealt":62514,"minecraft:crouch_one_cm":124100,"minecraft:horse_one_cm":857046,"minecraft:interact_with_anvil":3,"minecraft:mob_kills":277,"minecraft:interact_with_campfire":29,"minecraft:climb_one_cm":28907,"minecraft:walk_one_cm":1050659,"minecraft:raid_win":1,"minecraft:sneak_time":46379,"minecraft:walk_under_water_one_cm":50340,"minecraft:boat_one_cm":83047,"minecraft:interact_with_lectern":1,"minecraft:total_world_time":628772,"minecraft:raid_trigger":1,"minecraft:pot_flower":6,"minecraft:time_since_rest":17466,"minecraft:damage_taken":16788,"minecraft:swim_one_cm":144940,"minecraft:fly_one_cm":4080253,"minecraft:open_chest":409,"minecraft:fall_one_cm":299511},"minecraft:broken":{"simplyswords:iron_chakram":1,"extraarmor:feather_boots":1,"minecraft:iron_pickaxe":2},"minecraft:killed_by":{"minecraft:zombie":3,"minecraft:ender_dragon":1,"minecraft:skeleton":1,"minecraft:phantom":2},"minecraft:mined":{"minecraft:dragon_wall_head":1,"minecraft:spruce_planks":1,"minecraft:mossy_stone_brick_slab":1,"minecraft:brewing_stand":1,"minecraft:carved_pumpkin":2,"minecraft:granite":16,"minecraft:grass_block":13,"minecraft:cracked_polished_blackstone_bricks":1,"minecraft:soul_soil":1,"minecraft:spawner":8,"minecraft:polished_blackstone_bricks":1,"minecraft:mossy_cobblestone_slab":1,"minecraft:barrel":3,"minecraft:fire":6,"minecraft:anvil":1,"minecraft:target":5,"minecraft:deepslate_lapis_ore":2,"minecraft:pumpkin":2,"minecraft:fletching_table":1,"minecraft:enchanting_table":1,"minecraft:iron_bars":2,"minecraft:end_stone_bricks":2,"minecraft:iron_block":16,"minecraft:deepslate_redstone_ore":3,"minecraft:brown_mushroom":9,"minecraft:kelp_plant":8,"minecraft:crimson_nylium":1,"minecraft:purpur_stairs":1,"minecraft:torch":1,"minecraft:chest":11,"experienceobelisk:experience_obelisk":10,"minecraft:nether_quartz_ore":7,"minecraft:cobblestone":4,"minecraft:oak_planks":3,"minecraft:sugar_cane":6,"minecraft:bricks":4,"graveyard:oak_coffin":3,"minecraft:light_gray_wool":6,"minecraft:purpur_block":2,"minecraft:infested_mossy_stone_bricks":1,"minecraft:grass":56,"minecraft:cracked_deepslate_tiles":3,"minecraft:oak_log":96,"minecraft:sand":99,"minecraft:dirt":27,"minecraft:infested_cracked_stone_bricks":1,"minecraft:netherrack":226,"minecraft:deepslate":105,"minecraft:oak_leaves":1,"minecraft:emerald_block":1,"minecraft:tuff":11,"minecraft:mossy_cobblestone":1,"minecraft:deepslate_diamond_ore":7,"minecraft:shulker_box":6,"minecraft:end_stone":32,"minecraft:cobbled_deepslate_slab":1,"gravestone:gravestone":8,"minecraft:spruce_fence":8,"graveyard:tg_deepslate":1,"minecraft:brown_mushroom_block":45,"minecraft:spruce_leaves":1,"minecraft:moss_block":2,"minecraft:kelp":3,"minecraft:sandstone":3,"minecraft:large_fern":2,"minecraft:hay_block":105,"gnumus:scion_weed":2,"minecraft:furnace":15,"minecraft:snow":16,"minecraft:gold_block":22,"minecraft:bookshelf":31,"minecraft:cobblestone_slab":1,"minecraft:lantern":1,"minecraft:packed_ice":1,"gnumus:fragile_gnumus_jug":31,"minecraft:stone":104,"minecraft:white_wool":21,"minecraft:podzol":2,"minecraft:soul_sand":33,"minecraft:magenta_stained_glass":4,"minecraft:infested_stone_bricks":2,"minecraft:stone_brick_slab":4,"minecraft:dandelion":1,"travelersbackpack:standard":5,"minecraft:crafting_table":16,"minecraft:rose_bush":2,"minecraft:campfire":1,"minecraft:lectern":80,"minecraft:tall_grass":2,"minecraft:polished_blackstone_brick_stairs":1,"minecraft:diorite":8,"minecraft:spruce_stairs":2,"graveyard:vase_block":1,"minecraft:beehive":1,"minecraft:sweet_berry_bush":2,"minecraft:white_carpet":3,"minecraft:spruce_log":7,"minecraft:birch_leaves":2,"minecraft:yellow_bed":8,"minecraft:coal_ore":4,"minecraft:gravel":17,"minecraft:cracked_stone_bricks":3,"minecraft:terracotta":7,"minecraft:stone_bricks":7,"minecraft:mossy_stone_bricks":2,"minecraft:fern":7}},"DataVersion":3120}