{"stats":{"minecraft:crafted":{"extraarmor:bone_chestplate":1,"minecraft:oak_planks":64,"gnumus:grilled_juicy_meat":6,"gnumus:gnumus_doubloons":18,"extraarmor:feather_boots":1,"minecraft:iron_nugget":9,"extraarmor:feather_leggings":1,"minecraft:furnace":1,"minecraft:glass":55,"travelersbackpack:white_sleeping_bag":2,"minecraft:iron_boots":2,"minecraft:leather":30,"minecraft:iron_axe":1,"minecraft:stone_pickaxe":1,"minecraft:chest":4,"gnumus:pileof_gnumus_doubloons":5,"minecraft:wheat":144,"minecraft:cooked_beef":10,"minecraft:emerald":9,"minecraft:crafting_table":1,"minecraft:spruce_planks":28,"simplyswords:iron_chakram":2,"travelersbackpack:backpack_tank":4,"minecraft:wooden_pickaxe":1,"minecraft:iron_helmet":1,"travelersbackpack:standard":2,"minecraft:iron_sword":1,"extraarmor:feather_helmet":1,"minecraft:gold_block":2,"minecraft:stone_axe":1,"minecraft:bread":48,"minecraft:air":0,"minecraft:iron_chestplate":1,"minecraft:shield":1,"minecraft:stick":72,"minecraft:iron_ingot":60,"minecraft:iron_pickaxe":1,"minecraft:iron_block":11,"minecraft:iron_shovel":1,"minecraft:iron_leggings":1,"minecraft:torch":28},"minecraft:broken":{"extraarmor:feather_boots":1},"minecraft:custom":{"minecraft:interact_with_anvil":1,"minecraft:mob_kills":82,"minecraft:interact_with_crafting_table":55,"minecraft:open_barrel":22,"minecraft:interact_with_campfire":29,"minecraft:leave_game":9,"minecraft:time_since_death":31402,"minecraft:climb_one_cm":8926,"minecraft:sprint_one_cm":201009,"minecraft:walk_one_cm":229290,"minecraft:damage_blocked_by_shield":330,"minecraft:drop":146,"minecraft:play_time":163768,"minecraft:sneak_time":10837,"minecraft:deaths":5,"minecraft:walk_under_water_one_cm":23985,"minecraft:jump":2032,"minecraft:walk_on_water_one_cm":40231,"minecraft:total_world_time":163768,"minecraft:interact_with_furnace":34,"minecraft:sleep_in_bed":7,"minecraft:time_since_rest":7087,"minecraft:damage_taken":4280,"minecraft:damage_dealt":17760,"minecraft:swim_one_cm":57949,"minecraft:fly_one_cm":998458,"minecraft:open_chest":159,"minecraft:crouch_one_cm":24522,"minecraft:fall_one_cm":53170,"minecraft:horse_one_cm":9034},"minecraft:picked_up":{"minecraft:charcoal":2,"gnumus:gnumus_totem":2,"minecraft:crafting_table":18,"minecraft:wheat":54,"minecraft:chicken":12,"minecraft:anvil":1,"gnumus:gnumus_claw":47,"minecraft:brown_mushroom":18,"minecraft:cooked_rabbit":16,"minecraft:gold_block":5,"relics:amphibian_boot":1,"minecraft:enchanted_book":1,"gravestone:obituary":1,"minecraft:string":9,"minecraft:white_carpet":5,"minecraft:spruce_planks":12,"gnumus:packaged_goods":7,"minecraft:beef":20,"minecraft:rose_bush":1,"minecraft:iron_nugget":1,"minecraft:light_gray_wool":6,"minecraft:sugar_cane":86,"minecraft:chest":13,"farmersdelight:golden_knife":2,"minecraft:furnace":7,"minecraft:raw_iron":5,"minecraft:stick":171,"minecraft:sandstone":3,"gnumus:juicy_meat":6,"minecraft:spruce_stairs":2,"minecraft:spruce_fence":4,"minecraft:fire_charge":1,"minecraft:porkchop":2,"minecraft:golden_axe":1,"minecraft:carrot":2,"gnumus:grilled_juicy_meat":9,"gnumus:wrapper_with_goods":3,"gnumus:vintage_metal":2,"minecraft:arrow":11,"minecraft:honey_bottle":4,"minecraft:rotten_flesh":19,"minecraft:cooked_cod":16,"minecraft:golden_hoe":3,"minecraft:hay_block":16,"minecraft:iron_block":2,"gnumus:gnumus_chickpeas":49,"minecraft:saddle":2,"gnumus:gnumus_pouch_3":3,"gnumus:mouse_skin":47,"minecraft:glow_berries":6,"minecraft:mutton":6,"minecraft:cobblestone":30,"minecraft:cod":9,"minecraft:white_wool":8,"minecraft:nautilus_shell":1,"minecraft:enchanting_table":2,"gnumus:gnumus_doubloons":94,"minecraft:feather":18,"minecraft:cooked_beef":36,"minecraft:golden_carrot":3,"gnumus:overripe_carrot":46,"minecraft:leather":44,"minecraft:golden_leggings":1,"gnumus:gnumus_pouch":9,"minecraft:oak_log":142,"minecraft:yellow_bed":8,"minecraft:gunpowder":5,"minecraft:paper":13,"minecraft:white_banner":1,"gnumus:gnumus_pouch_2":16,"minecraft:name_tag":5,"minecraft:glass":8,"minecraft:bone":16,"minecraft:apple":11,"minecraft:bow":1,"minecraft:wheat_seeds":163,"minecraft:heart_of_the_sea":1,"minecraft:iron_ingot":4,"minecraft:cooked_chicken":21,"minecraft:rabbit":6,"extraarmor:feather_helmet":3,"minecraft:iron_sword":1,"minecraft:book":130,"minecraft:emerald_block":1,"minecraft:cooked_porkchop":7,"minecraft:pumpkin":4,"minecraft:sweet_berries":8,"minecraft:dripstone_block":15,"minecraft:gravel":1,"minecraft:sand":92,"gnumus:gnumus_cheese":18,"minecraft:spruce_log":7,"minecraft:spider_eye":4,"minecraft:sugar":1,"gnumus:vintage_parts":7,"minecraft:diamond":16,"gnumus:gnumus_clay":56,"minecraft:golden_apple":8,"minecraft:emerald":57,"minecraft:bread":98,"minecraft:terracotta":9,"minecraft:oak_sapling":3,"minecraft:bricks":4,"minecraft:coal":100,"minecraft:ender_pearl":6},"minecraft:used":{"minecraft:iron_shovel":89,"minecraft:enchanting_table":1,"minecraft:chest":7,"minecraft:shield":6,"minecraft:iron_sword":190,"minecraft:cooked_chicken":9,"minecraft:torch":20,"minecraft:carrot":13,"minecraft:salmon_bucket":1,"minecraft:bricks":4,"minecraft:iron_axe":124,"minecraft:iron_helmet":1,"minecraft:golden_carrot":2,"minecraft:sweet_berries":2,"minecraft:oak_sapling":3,"minecraft:furnace":4,"minecraft:cooked_cod":4,"minecraft:cooked_beef":3,"minecraft:golden_axe":28,"minecraft:water_bucket":7,"minecraft:stone_pickaxe":7,"minecraft:sandstone":3,"gnumus:overripe_carrot":4,"minecraft:wooden_pickaxe":11,"minecraft:sand":29,"minecraft:terracotta":5,"simplyswords:iron_chakram":176,"minecraft:crafting_table":10,"gnumus:gnumus_cheese":1,"minecraft:bread":3,"minecraft:iron_pickaxe":41,"minecraft:stone_axe":66,"travelersbackpack:standard":14,"minecraft:fire_charge":1,"minecraft:cobblestone":4,"minecraft:cooked_porkchop":2,"minecraft:cooked_rabbit":3,"minecraft:bucket":8,"minecraft:yellow_bed":6,"minecraft:experience_bottle":15},"minecraft:killed":{"minecraft:witch":1,"graveyard:revenant":1,"minecraft:spider":2,"enemyexpansion:direwolf":4,"minecraft:horse":2,"minecraft:skeleton":13,"gnumus:gnumus_worker":5,"minecraft:chicken":3,"gnumus:pitcher_mousse":7,"gnumus:gnumus_hunter":2,"gnumus:gnumus_hunter_not_dispawn":9,"gnumus:gnumus_shaman":3,"gnumus:gnumus_merchant":1,"minecraft:pillager":1,"enemyexpansion:meature":1,"minecraft:zombie":18,"enemyexpansion:huntsman":1,"minecraft:cow":7,"enemyexpansion:slugger":1},"minecraft:dropped":{"farmersdelight:tomato_seeds":5,"minecraft:bread":10,"minecraft:iron_sword":2,"minecraft:wheat_seeds":161,"gnumus:overripe_carrot":16,"minecraft:diamond":8,"minecraft:dripstone_block":15,"minecraft:cooked_porkchop":1,"minecraft:glow_berries":6,"minecraft:iron_helmet":1,"minecraft:golden_axe":2,"minecraft:feather":2,"minecraft:cobblestone":9,"minecraft:book":2,"minecraft:apple":5,"extraarmor:feather_helmet":4,"minecraft:saddle":1,"minecraft:spruce_stairs":2,"gnumus:mouse_skin":2,"minecraft:cod":5,"farmersdelight:golden_knife":2,"minecraft:golden_carrot":1,"minecraft:torch":8,"minecraft:rose_bush":1,"farmersdelight:onion":3,"gravestone:obituary":5,"minecraft:white_banner":1,"minecraft:golden_hoe":2,"minecraft:sugar":1,"minecraft:paper":13,"minecraft:string":9,"minecraft:white_wool":2,"minecraft:gold_ingot":1,"minecraft:bone":19,"minecraft:gravel":1,"extraarmor:feather_leggings":1,"minecraft:stone_axe":1,"minecraft:sweet_berries":6,"minecraft:sugar_cane":17,"minecraft:iron_nugget":9,"minecraft:rotten_flesh":19,"minecraft:white_carpet":5,"minecraft:light_gray_wool":6,"minecraft:honey_bottle":2,"minecraft:spruce_fence":4,"patchouli:guide_book":1,"minecraft:chainmail_chestplate":1,"minecraft:filled_map":2,"gnumus:gnumus_doubloons":36,"minecraft:shield":1,"gnumus:gnumus_clay":64,"minecraft:gunpowder":16,"minecraft:charcoal":2,"minecraft:oak_sapling":4,"minecraft:golden_leggings":1,"gnumus:gnumus_chickpeas":49,"minecraft:chest":6,"minecraft:spider_eye":4,"minecraft:arrow":11,"minecraft:stone_pickaxe":1,"minecraft:beef":3,"minecraft:wooden_pickaxe":1,"minecraft:nautilus_shell":1},"minecraft:killed_by":{"minecraft:phantom":2,"minecraft:zombie":3},"minecraft:mined":{"minecraft:spruce_planks":1,"minecraft:granite":4,"gravestone:gravestone":5,"minecraft:spruce_fence":4,"minecraft:spruce_leaves":1,"minecraft:sandstone":3,"minecraft:spawner":4,"minecraft:large_fern":2,"minecraft:hay_block":16,"minecraft:furnace":6,"minecraft:pumpkin":2,"minecraft:anvil":1,"minecraft:enchanting_table":1,"minecraft:gold_block":6,"minecraft:bookshelf":22,"minecraft:packed_ice":1,"gnumus:fragile_gnumus_jug":26,"minecraft:stone":12,"minecraft:iron_block":2,"minecraft:white_wool":8,"minecraft:brown_mushroom":9,"minecraft:torch":1,"minecraft:crafting_table":12,"minecraft:chest":10,"minecraft:rose_bush":2,"minecraft:campfire":1,"minecraft:tall_grass":2,"minecraft:sugar_cane":6,"minecraft:bricks":4,"minecraft:spruce_stairs":2,"minecraft:beehive":1,"minecraft:spruce_log":7,"minecraft:white_carpet":3,"minecraft:birch_leaves":2,"minecraft:light_gray_wool":6,"minecraft:yellow_bed":7,"minecraft:grass":24,"minecraft:coal_ore":4,"minecraft:oak_log":96,"minecraft:sand":95,"minecraft:gravel":1,"minecraft:terracotta":7,"minecraft:oak_leaves":1,"minecraft:emerald_block":1,"minecraft:fern":2}},"DataVersion":3120}