{"stats":{"minecraft:used":{"minecraft:purpur_block":22,"minecraft:iron_shovel":8,"minecraft:iron_bars":1,"minecraft:diamond_hoe":108,"simplyswords:iron_warglaive":369,"minecraft:chest":1,"minecraft:shield":1,"minecraft:iron_sword":51,"minecraft:netherrack":82,"minecraft:torch":3,"minecraft:mutton":1,"minecraft:shulker_box":2,"minecraft:iron_axe":41,"minecraft:item_frame":1,"minecraft:bow":14,"minecraft:cobbled_deepslate":22,"minecraft:water_bucket":70,"minecraft:chorus_fruit":4,"minecraft:ender_pearl":13,"minecraft:purpur_pillar":2,"minecraft:golden_apple":1,"minecraft:salmon":2,"simplyswords:diamond_warglaive":156,"minecraft:crossbow":1,"minecraft:end_stone":56,"minecraft:shears":23,"minecraft:ender_eye":1,"minecraft:diamond_pickaxe":19,"minecraft:bread":103,"minecraft:iron_pickaxe":451,"experienceobelisk:experience_obelisk":5,"minecraft:potion":2,"travelersbackpack:standard":26,"minecraft:cobblestone":33,"minecraft:oak_boat":1,"minecraft:splash_potion":1,"minecraft:bucket":71,"gnumus:juicy_meat":5},"minecraft:killed":{"minecraft:vex":2,"minecraft:cave_spider":4,"graveyard:revenant":2,"minecraft:vindicator":5,"minecraft:spider":3,"graveyard:wraith":10,"enemyexpansion:direwolf":5,"minecraft:shulker":7,"minecraft:skeleton":23,"gnumus:gnumus_hunter":1,"minecraft:piglin_brute":1,"enemyexpansion:goblin":1,"enemyexpansion:vampflyer":1,"minecraft:piglin":5,"minecraft:pig":1,"gnumus:big_snout":1,"minecraft:iron_golem":1,"minecraft:bat":2,"enemyexpansion:sprinter":2,"minecraft:hoglin":1,"minecraft:creeper":1,"minecraft:sheep":4,"enemyexpansion:meature":1,"minecraft:zombie":15,"enemyexpansion:botfly":1,"enemyexpansion:huntsman":1,"minecraft:wither_skeleton":11,"minecraft:blaze":4,"minecraft:enderman":8,"minecraft:cow":2,"enemyexpansion:slugger":1},"minecraft:crafted":{"minecraft:oak_planks":128,"minecraft:iron_nugget":18,"simplyswords:iron_spear":2,"simplyswords:iron_warglaive":2,"minecraft:shulker_box":2,"simplyswords:diamond_warglaive":1,"minecraft:chest":3,"minecraft:ender_eye":1,"minecraft:wheat":153,"minecraft:bread":50,"minecraft:shield":1,"minecraft:iron_pickaxe":3,"minecraft:white_bed":9,"minecraft:shears":1},"minecraft:dropped":{"minecraft:water_bucket":2,"minecraft:iron_ingot":1,"minecraft:iron_sword":1,"minecraft:birch_planks":2,"minecraft:soul_sand":9,"minecraft:moss_block":2,"minecraft:porkchop":5,"minecraft:wheat_seeds":7,"minecraft:lapis_lazuli":1,"minecraft:warped_fungus":1,"minecraft:iron_helmet":1,"minecraft:glass_bottle":2,"minecraft:ender_pearl":20,"minecraft:crafting_table":1,"minecraft:crossbow":1,"minecraft:glow_berries":1,"minecraft:cobblestone":5,"simplyswords:diamond_warglaive":1,"minecraft:granite":6,"minecraft:cracked_stone_bricks":2,"minecraft:rail":9,"gnumus:mouse_skin":4,"graveyard:corruption":2,"minecraft:coal":4,"minecraft:end_rod":4,"minecraft:emerald":3,"minecraft:diamond_horse_armor":1,"minecraft:dirt":5,"minecraft:diorite":3,"minecraft:stone_button":3,"minecraft:mutton":8,"minecraft:iron_door":1,"minecraft:iron_leggings":1,"gravestone:obituary":19,"minecraft:amethyst_shard":12,"minecraft:wither_rose":1,"minecraft:iron_pickaxe":4,"minecraft:string":17,"minecraft:white_wool":1,"minecraft:bone":29,"minecraft:crimson_fungus":1,"minecraft:moss_carpet":1,"minecraft:purpur_block":2,"minecraft:kelp":21,"minecraft:sweet_berries":14,"minecraft:iron_nugget":22,"minecraft:stone_sword":1,"minecraft:raw_copper":18,"minecraft:tuff":15,"minecraft:diamond_hoe":1,"minecraft:wheat":3,"minecraft:raw_iron":1,"minecraft:rotten_flesh":16,"minecraft:oak_planks":1,"minecraft:glowstone_dust":55,"minecraft:white_bed":6,"minecraft:end_stone_brick_wall":3,"enemyexpansion:phantom_eye":1,"minecraft:totem_of_undying":1,"minecraft:shears":1,"minecraft:chainmail_chestplate":1,"minecraft:filled_map":2,"minecraft:poppy":4,"relics:magic_mirror":2,"minecraft:end_stone_brick_stairs":1,"gnumus:gnumus_clay":6,"minecraft:gunpowder":35,"minecraft:diamond_chestplate":1,"minecraft:iron_chestplate":1,"minecraft:melon_seeds":4,"minecraft:mossy_stone_bricks":4,"minecraft:oak_boat":1,"minecraft:chainmail_boots":1,"gnumus:gnumus_horn":1,"minecraft:spider_eye":2,"minecraft:stone_bricks":5,"minecraft:end_stone_bricks":15,"minecraft:arrow":16,"minecraft:bow":3,"minecraft:powered_rail":4,"minecraft:beef":10,"extraarmor:bone_chestplate":1,"minecraft:quartz":14,"simplyswords:iron_warglaive":1,"minecraft:netherrack":82},"minecraft:picked_up":{"minecraft:end_stone_bricks":15,"minecraft:iron_chestplate":1,"minecraft:end_stone_brick_stairs":1,"minecraft:chainmail_boots":1,"extraarmor:bone_chestplate":1,"minecraft:purpur_block":24,"gravestone:obituary":10,"minecraft:elytra":1,"minecraft:shield":1,"relics:magic_mirror":3,"minecraft:string":5,"minecraft:moss_carpet":1,"minecraft:end_stone_brick_wall":3,"minecraft:raw_copper":18,"minecraft:iron_axe":1,"minecraft:iron_leggings":1,"minecraft:item_frame":1,"graveyard:corruption":2,"minecraft:cracked_stone_bricks":3,"minecraft:diamond_leggings":1,"minecraft:cobbled_deepslate":96,"minecraft:beef":10,"minecraft:oak_boat":2,"minecraft:ender_eye":1,"minecraft:iron_pickaxe":3,"minecraft:iron_nugget":7,"minecraft:poppy":4,"minecraft:iron_boots":2,"minecraft:raw_iron":1,"minecraft:stick":56,"minecraft:end_stone":56,"gnumus:juicy_meat":5,"minecraft:oak_fence":1,"minecraft:torch":3,"minecraft:purpur_pillar":2,"minecraft:porkchop":5,"minecraft:stone_button":3,"minecraft:diorite":3,"simplyswords:diamond_warglaive":2,"minecraft:stone_sword":1,"minecraft:arrow":29,"minecraft:rotten_flesh":18,"minecraft:diamond_chestplate":1,"minecraft:hay_block":103,"minecraft:end_rod":4,"minecraft:gold_ingot":1,"minecraft:totem_of_undying":1,"minecraft:mutton":9,"minecraft:iron_bars":1,"minecraft:blaze_rod":3,"gnumus:mouse_skin":4,"minecraft:glow_berries":1,"minecraft:bone_block":11,"minecraft:rail":9,"minecraft:white_wool":32,"minecraft:blaze_powder":1,"minecraft:cobblestone":38,"relics:roller_skates":1,"minecraft:water_bucket":3,"minecraft:iron_door":1,"minecraft:salmon":2,"minecraft:filled_map":1,"minecraft:birch_planks":2,"minecraft:crimson_fungus":1,"minecraft:tuff":15,"minecraft:gunpowder":5,"minecraft:lapis_lazuli":9,"minecraft:dirt":5,"gnumus:gnumus_pouch_2":1,"minecraft:bone":30,"minecraft:stone_bricks":5,"minecraft:kelp":21,"gnumus:gnumus_horn":1,"minecraft:bow":2,"minecraft:wheat_seeds":7,"simplyswords:iron_warglaive":1,"minecraft:iron_ingot":8,"minecraft:glass_bottle":1,"minecraft:mossy_stone_bricks":5,"minecraft:glowstone_dust":55,"minecraft:powered_rail":4,"minecraft:moss_block":2,"minecraft:oak_planks":7,"minecraft:soul_sand":9,"minecraft:book":54,"enemyexpansion:phantom_eye":1,"minecraft:warped_fungus":1,"minecraft:sweet_berries":14,"minecraft:quartz":14,"minecraft:spider_eye":2,"travelersbackpack:standard":2,"experienceobelisk:experience_obelisk":6,"minecraft:diamond":7,"gnumus:gnumus_clay":6,"minecraft:shulker_shell":7,"minecraft:iron_helmet":4,"minecraft:crossbow":1,"minecraft:granite":6,"minecraft:emerald":4,"minecraft:bread":37,"minecraft:netherrack":180,"minecraft:melon_seeds":4,"minecraft:black_wool":8,"minecraft:chorus_fruit":21,"minecraft:coal":9,"minecraft:ender_pearl":20},"minecraft:custom":{"minecraft:interact_with_anvil":2,"minecraft:mob_kills":136,"minecraft:interact_with_crafting_table":11,"minecraft:open_barrel":21,"minecraft:open_shulker_box":19,"minecraft:leave_game":3,"minecraft:time_since_death":28091,"minecraft:climb_one_cm":10709,"minecraft:sprint_one_cm":584736,"minecraft:walk_one_cm":497432,"minecraft:damage_blocked_by_shield":75,"minecraft:drop":156,"minecraft:play_time":292995,"minecraft:sneak_time":25012,"minecraft:deaths":11,"minecraft:walk_under_water_one_cm":40982,"minecraft:boat_one_cm":2464611,"minecraft:interact_with_lectern":2,"minecraft:interact_with_brewingstand":2,"minecraft:jump":2939,"minecraft:total_world_time":292995,"minecraft:walk_on_water_one_cm":27776,"minecraft:interact_with_furnace":1,"minecraft:tune_noteblock":7,"minecraft:interact_with_loom":1,"minecraft:time_since_rest":28182,"minecraft:damage_taken":8513,"minecraft:damage_absorbed":40,"minecraft:damage_dealt":27246,"minecraft:swim_one_cm":49475,"minecraft:fly_one_cm":1518483,"minecraft:open_chest":106,"minecraft:crouch_one_cm":97200,"minecraft:aviate_one_cm":19387,"minecraft:fall_one_cm":89577,"minecraft:horse_one_cm":5892},"minecraft:broken":{"minecraft:iron_boots":1,"minecraft:iron_pickaxe":1,"minecraft:iron_helmet":1},"minecraft:killed_by":{"minecraft:wither_skeleton":1,"minecraft:ender_dragon":3,"minecraft:vindicator":1,"minecraft:zombie":2},"minecraft:mined":{"minecraft:tuff":15,"minecraft:mossy_cobblestone":1,"minecraft:deepslate_diamond_ore":1,"minecraft:end_stone":60,"minecraft:granite":7,"gravestone:gravestone":10,"minecraft:moss_block":2,"minecraft:crimson_fungus":1,"minecraft:spawner":6,"minecraft:hay_block":103,"minecraft:glowstone":18,"minecraft:fire":16,"minecraft:bookshelf":20,"minecraft:deepslate_iron_ore":1,"minecraft:vine":1,"minecraft:rail":1,"minecraft:iron_bars":1,"minecraft:chorus_plant":1,"minecraft:stone":34,"minecraft:white_wool":28,"minecraft:bone_block":11,"minecraft:soul_sand":9,"minecraft:magenta_stained_glass":6,"minecraft:kelp_plant":1,"travelersbackpack:standard":1,"minecraft:oak_fence":2,"minecraft:purpur_pillar":2,"experienceobelisk:experience_obelisk":6,"minecraft:nether_quartz_ore":4,"minecraft:copper_ore":1,"minecraft:cobblestone":1,"minecraft:oak_planks":4,"minecraft:diorite":7,"minecraft:iron_door":2,"minecraft:birch_planks":3,"minecraft:sweet_berry_bush":4,"minecraft:purpur_block":24,"minecraft:warped_fungus":1,"minecraft:black_wool":8,"minecraft:grass":15,"minecraft:coal_ore":1,"minecraft:end_rod":2,"minecraft:dirt":1,"minecraft:cobweb":20,"minecraft:cracked_stone_bricks":3,"minecraft:oak_leaves":3,"minecraft:stone_bricks":5,"minecraft:netherrack":185,"minecraft:mossy_stone_bricks":5,"minecraft:deepslate":70,"minecraft:fern":1}},"DataVersion":3120}